"ID","Name","LongName","Parent"
"L107","C:","C:","L101"
"L108","Users","C:/Users","L107"
"L109","Michelle","C:/Users/Michelle","L108"
"L110","Downloads","C:/Users/Michelle/Downloads","L109"
"L111","SourceMeter-8.1.0-x64-windows","C:/Users/Michelle/Downloads/SourceMeter-8.1.0-x64-windows","L110"
"L112","SourceMeter-8.1.0-x64-windows","C:/Users/Michelle/Downloads/SourceMeter-8.1.0-x64-windows/SourceMeter-8.1.0-x64-windows","L111"
"L113","Java","C:/Users/Michelle/Downloads/SourceMeter-8.1.0-x64-windows/SourceMeter-8.1.0-x64-windows/Java","L112"
"L114","Demo","C:/Users/Michelle/Downloads/SourceMeter-8.1.0-x64-windows/SourceMeter-8.1.0-x64-windows/Java/Demo","L113"
"L115","femr-master","C:/Users/Michelle/Downloads/SourceMeter-8.1.0-x64-windows/SourceMeter-8.1.0-x64-windows/Java/Demo/femr-master","L114"
"L116","femr-master","C:/Users/Michelle/Downloads/SourceMeter-8.1.0-x64-windows/SourceMeter-8.1.0-x64-windows/Java/Demo/femr-master/femr-master","L115"
"L117","app","C:/Users/Michelle/Downloads/SourceMeter-8.1.0-x64-windows/SourceMeter-8.1.0-x64-windows/Java/Demo/femr-master/femr-master/app","L116"
"L10358","test","C:/Users/Michelle/Downloads/SourceMeter-8.1.0-x64-windows/SourceMeter-8.1.0-x64-windows/Java/Demo/femr-master/femr-master/test","L116"
"L118","femr","C:/Users/Michelle/Downloads/SourceMeter-8.1.0-x64-windows/SourceMeter-8.1.0-x64-windows/Java/Demo/femr-master/femr-master/app/femr","L117"
"L10359","functional","C:/Users/Michelle/Downloads/SourceMeter-8.1.0-x64-windows/SourceMeter-8.1.0-x64-windows/Java/Demo/femr-master/femr-master/test/functional","L10358"
"L10364","mock","C:/Users/Michelle/Downloads/SourceMeter-8.1.0-x64-windows/SourceMeter-8.1.0-x64-windows/Java/Demo/femr-master/femr-master/test/mock","L10358"
"L10383","unit","C:/Users/Michelle/Downloads/SourceMeter-8.1.0-x64-windows/SourceMeter-8.1.0-x64-windows/Java/Demo/femr-master/femr-master/test/unit","L10358"
"L13394","util","C:/Users/Michelle/Downloads/SourceMeter-8.1.0-x64-windows/SourceMeter-8.1.0-x64-windows/Java/Demo/femr-master/femr-master/test/util","L10358"
"L119","business","C:/Users/Michelle/Downloads/SourceMeter-8.1.0-x64-windows/SourceMeter-8.1.0-x64-windows/Java/Demo/femr-master/femr-master/app/femr/business","L118"
"L3195","common","C:/Users/Michelle/Downloads/SourceMeter-8.1.0-x64-windows/SourceMeter-8.1.0-x64-windows/Java/Demo/femr-master/femr-master/app/femr/common","L118"
"L4510","data","C:/Users/Michelle/Downloads/SourceMeter-8.1.0-x64-windows/SourceMeter-8.1.0-x64-windows/Java/Demo/femr-master/femr-master/app/femr/data","L118"
"L6609","ui","C:/Users/Michelle/Downloads/SourceMeter-8.1.0-x64-windows/SourceMeter-8.1.0-x64-windows/Java/Demo/femr-master/femr-master/app/femr/ui","L118"
"L9039","util","C:/Users/Michelle/Downloads/SourceMeter-8.1.0-x64-windows/SourceMeter-8.1.0-x64-windows/Java/Demo/femr-master/femr-master/app/femr/util","L118"
"L10365","femr","C:/Users/Michelle/Downloads/SourceMeter-8.1.0-x64-windows/SourceMeter-8.1.0-x64-windows/Java/Demo/femr-master/femr-master/test/mock/femr","L10364"
"L10384","app","C:/Users/Michelle/Downloads/SourceMeter-8.1.0-x64-windows/SourceMeter-8.1.0-x64-windows/Java/Demo/femr-master/femr-master/test/unit/app","L10383"
"L13395","dependencyinjection","C:/Users/Michelle/Downloads/SourceMeter-8.1.0-x64-windows/SourceMeter-8.1.0-x64-windows/Java/Demo/femr-master/femr-master/test/util/dependencyinjection","L13394"
"L13562","runners","C:/Users/Michelle/Downloads/SourceMeter-8.1.0-x64-windows/SourceMeter-8.1.0-x64-windows/Java/Demo/femr-master/femr-master/test/util/runners","L13394"
"L120","helpers","C:/Users/Michelle/Downloads/SourceMeter-8.1.0-x64-windows/SourceMeter-8.1.0-x64-windows/Java/Demo/femr-master/femr-master/app/femr/business/helpers","L119"
"L380","services","C:/Users/Michelle/Downloads/SourceMeter-8.1.0-x64-windows/SourceMeter-8.1.0-x64-windows/Java/Demo/femr-master/femr-master/app/femr/business/services","L119"
"L3177","wrappers","C:/Users/Michelle/Downloads/SourceMeter-8.1.0-x64-windows/SourceMeter-8.1.0-x64-windows/Java/Demo/femr-master/femr-master/app/femr/business/wrappers","L119"
"L3199","dtos","C:/Users/Michelle/Downloads/SourceMeter-8.1.0-x64-windows/SourceMeter-8.1.0-x64-windows/Java/Demo/femr-master/femr-master/app/femr/common/dtos","L3195"
"L3789","models","C:/Users/Michelle/Downloads/SourceMeter-8.1.0-x64-windows/SourceMeter-8.1.0-x64-windows/Java/Demo/femr-master/femr-master/app/femr/common/models","L3195"
"L4514","daos","C:/Users/Michelle/Downloads/SourceMeter-8.1.0-x64-windows/SourceMeter-8.1.0-x64-windows/Java/Demo/femr-master/femr-master/app/femr/data/daos","L4510"
"L5136","models","C:/Users/Michelle/Downloads/SourceMeter-8.1.0-x64-windows/SourceMeter-8.1.0-x64-windows/Java/Demo/femr-master/femr-master/app/femr/data/models","L4510"
"L6610","controllers","C:/Users/Michelle/Downloads/SourceMeter-8.1.0-x64-windows/SourceMeter-8.1.0-x64-windows/Java/Demo/femr-master/femr-master/app/femr/ui/controllers","L6609"
"L7987","helpers","C:/Users/Michelle/Downloads/SourceMeter-8.1.0-x64-windows/SourceMeter-8.1.0-x64-windows/Java/Demo/femr-master/femr-master/app/femr/ui/helpers","L6609"
"L8042","models","C:/Users/Michelle/Downloads/SourceMeter-8.1.0-x64-windows/SourceMeter-8.1.0-x64-windows/Java/Demo/femr-master/femr-master/app/femr/ui/models","L6609"
"L9023","views","C:/Users/Michelle/Downloads/SourceMeter-8.1.0-x64-windows/SourceMeter-8.1.0-x64-windows/Java/Demo/femr-master/femr-master/app/femr/ui/views","L6609"
"L9040","calculations","C:/Users/Michelle/Downloads/SourceMeter-8.1.0-x64-windows/SourceMeter-8.1.0-x64-windows/Java/Demo/femr-master/femr-master/app/femr/util/calculations","L9039"
"L9168","DataStructure","C:/Users/Michelle/Downloads/SourceMeter-8.1.0-x64-windows/SourceMeter-8.1.0-x64-windows/Java/Demo/femr-master/femr-master/app/femr/util/DataStructure","L9039"
"L9296","dependencyinjection","C:/Users/Michelle/Downloads/SourceMeter-8.1.0-x64-windows/SourceMeter-8.1.0-x64-windows/Java/Demo/femr-master/femr-master/app/femr/util/dependencyinjection","L9039"
"L9780","encryptions","C:/Users/Michelle/Downloads/SourceMeter-8.1.0-x64-windows/SourceMeter-8.1.0-x64-windows/Java/Demo/femr-master/femr-master/app/femr/util/encryptions","L9039"
"L9800","startup","C:/Users/Michelle/Downloads/SourceMeter-8.1.0-x64-windows/SourceMeter-8.1.0-x64-windows/Java/Demo/femr-master/femr-master/app/femr/util/startup","L9039"
"L10240","stringhelpers","C:/Users/Michelle/Downloads/SourceMeter-8.1.0-x64-windows/SourceMeter-8.1.0-x64-windows/Java/Demo/femr-master/femr-master/app/femr/util/stringhelpers","L9039"
"L10366","business","C:/Users/Michelle/Downloads/SourceMeter-8.1.0-x64-windows/SourceMeter-8.1.0-x64-windows/Java/Demo/femr-master/femr-master/test/mock/femr/business","L10365"
"L10375","data","C:/Users/Michelle/Downloads/SourceMeter-8.1.0-x64-windows/SourceMeter-8.1.0-x64-windows/Java/Demo/femr-master/femr-master/test/mock/femr/data","L10365"
"L13370","util","C:/Users/Michelle/Downloads/SourceMeter-8.1.0-x64-windows/SourceMeter-8.1.0-x64-windows/Java/Demo/femr-master/femr-master/test/mock/femr/util","L10365"
"L10385","femr","C:/Users/Michelle/Downloads/SourceMeter-8.1.0-x64-windows/SourceMeter-8.1.0-x64-windows/Java/Demo/femr-master/femr-master/test/unit/app/femr","L10384"
"L13396","modules","C:/Users/Michelle/Downloads/SourceMeter-8.1.0-x64-windows/SourceMeter-8.1.0-x64-windows/Java/Demo/femr-master/femr-master/test/util/dependencyinjection/modules","L13395"
"L381","core","C:/Users/Michelle/Downloads/SourceMeter-8.1.0-x64-windows/SourceMeter-8.1.0-x64-windows/Java/Demo/femr-master/femr-master/app/femr/business/services/core","L380"
"L1057","system","C:/Users/Michelle/Downloads/SourceMeter-8.1.0-x64-windows/SourceMeter-8.1.0-x64-windows/Java/Demo/femr-master/femr-master/app/femr/business/services/system","L380"
"L3178","sessions","C:/Users/Michelle/Downloads/SourceMeter-8.1.0-x64-windows/SourceMeter-8.1.0-x64-windows/Java/Demo/femr-master/femr-master/app/femr/business/wrappers/sessions","L3177"
"L4518","core","C:/Users/Michelle/Downloads/SourceMeter-8.1.0-x64-windows/SourceMeter-8.1.0-x64-windows/Java/Demo/femr-master/femr-master/app/femr/data/daos/core","L4514"
"L4590","system","C:/Users/Michelle/Downloads/SourceMeter-8.1.0-x64-windows/SourceMeter-8.1.0-x64-windows/Java/Demo/femr-master/femr-master/app/femr/data/daos/system","L4514"
"L5137","core","C:/Users/Michelle/Downloads/SourceMeter-8.1.0-x64-windows/SourceMeter-8.1.0-x64-windows/Java/Demo/femr-master/femr-master/app/femr/data/models/core","L5136"
"L5520","mysql","C:/Users/Michelle/Downloads/SourceMeter-8.1.0-x64-windows/SourceMeter-8.1.0-x64-windows/Java/Demo/femr-master/femr-master/app/femr/data/models/mysql","L5136"
"L6624","admin","C:/Users/Michelle/Downloads/SourceMeter-8.1.0-x64-windows/SourceMeter-8.1.0-x64-windows/Java/Demo/femr-master/femr-master/app/femr/ui/controllers/admin","L6610"
"L6966","helpers","C:/Users/Michelle/Downloads/SourceMeter-8.1.0-x64-windows/SourceMeter-8.1.0-x64-windows/Java/Demo/femr-master/femr-master/app/femr/ui/controllers/helpers","L6610"
"L7757","superuser","C:/Users/Michelle/Downloads/SourceMeter-8.1.0-x64-windows/SourceMeter-8.1.0-x64-windows/Java/Demo/femr-master/femr-master/app/femr/ui/controllers/superuser","L6610"
"L7988","security","C:/Users/Michelle/Downloads/SourceMeter-8.1.0-x64-windows/SourceMeter-8.1.0-x64-windows/Java/Demo/femr-master/femr-master/app/femr/ui/helpers/security","L7987"
"L8043","admin","C:/Users/Michelle/Downloads/SourceMeter-8.1.0-x64-windows/SourceMeter-8.1.0-x64-windows/Java/Demo/femr-master/femr-master/app/femr/ui/models/admin","L8042"
"L8343","history","C:/Users/Michelle/Downloads/SourceMeter-8.1.0-x64-windows/SourceMeter-8.1.0-x64-windows/Java/Demo/femr-master/femr-master/app/femr/ui/models/history","L8042"
"L8446","medical","C:/Users/Michelle/Downloads/SourceMeter-8.1.0-x64-windows/SourceMeter-8.1.0-x64-windows/Java/Demo/femr-master/femr-master/app/femr/ui/models/medical","L8042"
"L8578","pharmacy","C:/Users/Michelle/Downloads/SourceMeter-8.1.0-x64-windows/SourceMeter-8.1.0-x64-windows/Java/Demo/femr-master/femr-master/app/femr/ui/models/pharmacy","L8042"
"L8618","research","C:/Users/Michelle/Downloads/SourceMeter-8.1.0-x64-windows/SourceMeter-8.1.0-x64-windows/Java/Demo/femr-master/femr-master/app/femr/ui/models/research","L8042"
"L8738","search","C:/Users/Michelle/Downloads/SourceMeter-8.1.0-x64-windows/SourceMeter-8.1.0-x64-windows/Java/Demo/femr-master/femr-master/app/femr/ui/models/search","L8042"
"L8772","sessions","C:/Users/Michelle/Downloads/SourceMeter-8.1.0-x64-windows/SourceMeter-8.1.0-x64-windows/Java/Demo/femr-master/femr-master/app/femr/ui/models/sessions","L8042"
"L8793","superuser","C:/Users/Michelle/Downloads/SourceMeter-8.1.0-x64-windows/SourceMeter-8.1.0-x64-windows/Java/Demo/femr-master/femr-master/app/femr/ui/models/superuser","L8042"
"L8869","triage","C:/Users/Michelle/Downloads/SourceMeter-8.1.0-x64-windows/SourceMeter-8.1.0-x64-windows/Java/Demo/femr-master/femr-master/app/femr/ui/models/triage","L8042"
"L9024","partials","C:/Users/Michelle/Downloads/SourceMeter-8.1.0-x64-windows/SourceMeter-8.1.0-x64-windows/Java/Demo/femr-master/femr-master/app/femr/ui/views/partials","L9023"
"L9171","Mapping","C:/Users/Michelle/Downloads/SourceMeter-8.1.0-x64-windows/SourceMeter-8.1.0-x64-windows/Java/Demo/femr-master/femr-master/app/femr/util/DataStructure/Mapping","L9168"
"L9297","modules","C:/Users/Michelle/Downloads/SourceMeter-8.1.0-x64-windows/SourceMeter-8.1.0-x64-windows/Java/Demo/femr-master/femr-master/app/femr/util/dependencyinjection/modules","L9296"
"L9633","providers","C:/Users/Michelle/Downloads/SourceMeter-8.1.0-x64-windows/SourceMeter-8.1.0-x64-windows/Java/Demo/femr-master/femr-master/app/femr/util/dependencyinjection/providers","L9296"
"L5465","research","C:/Users/Michelle/Downloads/SourceMeter-8.1.0-x64-windows/SourceMeter-8.1.0-x64-windows/Java/Demo/femr-master/femr-master/app/femr/data/models/core/research","L5137"
"L5569","concepts","C:/Users/Michelle/Downloads/SourceMeter-8.1.0-x64-windows/SourceMeter-8.1.0-x64-windows/Java/Demo/femr-master/femr-master/app/femr/data/models/mysql/concepts","L5520"
"L6264","research","C:/Users/Michelle/Downloads/SourceMeter-8.1.0-x64-windows/SourceMeter-8.1.0-x64-windows/Java/Demo/femr-master/femr-master/app/femr/data/models/mysql/research","L5520"
"L8044","configure","C:/Users/Michelle/Downloads/SourceMeter-8.1.0-x64-windows/SourceMeter-8.1.0-x64-windows/Java/Demo/femr-master/femr-master/app/femr/ui/models/admin/configure","L8043"
"L8066","inventory","C:/Users/Michelle/Downloads/SourceMeter-8.1.0-x64-windows/SourceMeter-8.1.0-x64-windows/Java/Demo/femr-master/femr-master/app/femr/ui/models/admin/inventory","L8043"
"L8126","trips","C:/Users/Michelle/Downloads/SourceMeter-8.1.0-x64-windows/SourceMeter-8.1.0-x64-windows/Java/Demo/femr-master/femr-master/app/femr/ui/models/admin/trips","L8043"
"L8221","users","C:/Users/Michelle/Downloads/SourceMeter-8.1.0-x64-windows/SourceMeter-8.1.0-x64-windows/Java/Demo/femr-master/femr-master/app/femr/ui/models/admin/users","L8043"
"L8669","json","C:/Users/Michelle/Downloads/SourceMeter-8.1.0-x64-windows/SourceMeter-8.1.0-x64-windows/Java/Demo/femr-master/femr-master/app/femr/ui/models/research/json","L8618"
"L8739","json","C:/Users/Michelle/Downloads/SourceMeter-8.1.0-x64-windows/SourceMeter-8.1.0-x64-windows/Java/Demo/femr-master/femr-master/app/femr/ui/models/search/json","L8738"
"L9025","helpers","C:/Users/Michelle/Downloads/SourceMeter-8.1.0-x64-windows/SourceMeter-8.1.0-x64-windows/Java/Demo/femr-master/femr-master/app/femr/ui/views/partials/helpers","L9024"
"L10367","services","C:/Users/Michelle/Downloads/SourceMeter-8.1.0-x64-windows/SourceMeter-8.1.0-x64-windows/Java/Demo/femr-master/femr-master/test/mock/femr/business/services","L10366"
"L10372","wrappers","C:/Users/Michelle/Downloads/SourceMeter-8.1.0-x64-windows/SourceMeter-8.1.0-x64-windows/Java/Demo/femr-master/femr-master/test/mock/femr/business/wrappers","L10366"
"L10377","models","C:/Users/Michelle/Downloads/SourceMeter-8.1.0-x64-windows/SourceMeter-8.1.0-x64-windows/Java/Demo/femr-master/femr-master/test/mock/femr/data/models","L10375"
"L13329","daos","C:/Users/Michelle/Downloads/SourceMeter-8.1.0-x64-windows/SourceMeter-8.1.0-x64-windows/Java/Demo/femr-master/femr-master/test/mock/femr/data/daos","L10375"
"L13371","encryptions","C:/Users/Michelle/Downloads/SourceMeter-8.1.0-x64-windows/SourceMeter-8.1.0-x64-windows/Java/Demo/femr-master/femr-master/test/mock/femr/util/encryptions","L13370"
"L10386","business","C:/Users/Michelle/Downloads/SourceMeter-8.1.0-x64-windows/SourceMeter-8.1.0-x64-windows/Java/Demo/femr-master/femr-master/test/unit/app/femr/business","L10385"
"L10394","ui","C:/Users/Michelle/Downloads/SourceMeter-8.1.0-x64-windows/SourceMeter-8.1.0-x64-windows/Java/Demo/femr-master/femr-master/test/unit/app/femr/ui","L10385"
"L10373","sessions","C:/Users/Michelle/Downloads/SourceMeter-8.1.0-x64-windows/SourceMeter-8.1.0-x64-windows/Java/Demo/femr-master/femr-master/test/mock/femr/business/wrappers/sessions","L10372"
"L10387","services","C:/Users/Michelle/Downloads/SourceMeter-8.1.0-x64-windows/SourceMeter-8.1.0-x64-windows/Java/Demo/femr-master/femr-master/test/unit/app/femr/business/services","L10386"
"L10395","controllers","C:/Users/Michelle/Downloads/SourceMeter-8.1.0-x64-windows/SourceMeter-8.1.0-x64-windows/Java/Demo/femr-master/femr-master/test/unit/app/femr/ui/controllers","L10394"
"L10399","views","C:/Users/Michelle/Downloads/SourceMeter-8.1.0-x64-windows/SourceMeter-8.1.0-x64-windows/Java/Demo/femr-master/femr-master/test/unit/app/femr/ui/views","L10394"
"L10400","home","C:/Users/Michelle/Downloads/SourceMeter-8.1.0-x64-windows/SourceMeter-8.1.0-x64-windows/Java/Demo/femr-master/femr-master/test/unit/app/femr/ui/views/home","L10399"
